[
  {
    "name": "Lennart Glamann",
    "summary": "Design contributor",
    "link": "https://t.me/FlixbusLennart",
    "profile_image": "https://i.imgur.com/Q5Nsx1R.jpg"
  },
  {
    "name": "Vitor Monteriro",
    "summary": "Telegram contributor",
    "link": "https://t.me/mluizvitor",
    "profile_image": "https://i.imgur.com/vvpE4nn.jpg"
  },
  {
    "name": "Elvan Putra",
    "summary": "Design contributor",
    "link": "https://t.me/ElvanMacko",
    "profile_image": "https://i.imgur.com/w7rnEEw.jpg"
  },
  {
    "name": "Gaming Inc.",
    "summary": "Discord server maintainer",
    "link": "https://discord.gg/qTecXXn",
    "profile_image": "https://i.imgur.com/5wXLrS2.jpg"
  },
  {
    "name": "Marko Ivanović",
    "summary": "Github contributor",
    "link": "https://t.me/markoivanovic",
    "profile_image": "https://avatars2.githubusercontent.com/u/35743654?s=400&amp;u=f8b4a90a352a661625ae71d455a82aaa9bc3316b&amp;v=4"
  },
  {
    "name": "Gaurav Singh",
    "summary": "Telegram and Design contributor",
    "link": "https://t.me/Allstargaurav",
    "profile_image": "https://i.imgur.com/EertxDu.jpg"
  }
]